Route;Run;Sequence;Stop_Code_LBSL;Bus_Stop_Code;Naptan_Atco;Stop_Name;Location_Easting;Location_Northing;Heading;Virtual_Bus_Stop
1;1;1;14456;53369;490000235Z;NEW OXFORD STREET;529998;181428;74;0
2;1;1;BP197;76831;490000145L;MARYLEBONE STATION <> #;527565;181988;72;0
3;1;1;14756;57357;490019475P;WHITEHALL / HORSEGUARDS AVENUE;530128;180148;164;0
4;1;33;BP2599;58858;490009819K;MERRITT GARDENS;517619;163546;285;0
5;18;0;;;;;;;;
6;1;1;26949;47355;490003935Z;BERTIE ROAD;522185;184603;142;0
7;1;1;26194;52777;490015061O;BRUNEL ROAD;521456;181544;133;0
8;1;32;BP1340;58945;490006203RA;DRURY LANE;530259;181386;227;0
9;1;1;34323;76996;490003193R;ALDWYCH / SOMERSET HOUSE;530803;180926;238;0
11;1;1;1456;52167;490007057R;FULHAM TOWN HALL;525456;177141;138;0
12;2;38;BP1698;71995;490000173RC;OXFORD CIRCUS STATION <>;529029;181143;335;0
13;1;1;OC568;71462;490015443P;NORTH FINCHLEY BUS STATION;526330;191997;280;0
18;1;1;2805;53426;490003597G;SUDBURY & HARROW ROAD STATION #;516937;185262;160;0
19;1;1;R0003;74819;490000083G;FINSBURY PARK INTERCHANGE <> #;531392;186824;29;0
20;1;1;BP4271;57770;490000249B;WALTHAMSTOW BUS STATION <>;537249;189060;359;0
21;1;1;BP1113;75568;490009105U;LEWISHAM CENTRE;538272;175378;27;0
22;1;1;BP442;57423;490011281N;PUTNEY COMMON;523158;175828;359;0
23;2;45;35141;49321;490014403AP;WESTBOURNE PARK BUS GARAGE;524844;181907;109;0
24;1;1;BP3192;77620;490015832E;GROSVENOR ROAD;529003;177919;100;0
27;1;1;29966;57309;490000097T;HAMMERSMITH STN / H&C AND CIRCLE LINES<>;523309;178646;119;0
29;2;2;7823;47932;490000135A;LEICESTER SQUARE STATION <>;529970;180734;357;0
30;1;1;450;53720;490011133M;PORTMAN STREET / SELFRIDGES;528033;181090;343;0
33;11;0;;;;;;;;
35;4501;57660;490007691S;HAM PARADE;517788;171549;180;0;;
38;1;6;BP5529;91619;490010154Y;PEMBURY CIRCUS;534708;185184;273;0
39;1;1;411;53259;490000184Z;PUTNEY BRIDGE STATION <>;524496;175836;192;0
41;1;1;BP6018;92093;490000008Z;ARCHWAY STATION <>;529352;186927;34;0
43;1;1;BP3120;71643;490016643W;HALLIWICK PARK;527940;192078;288;0
45;1;1;33625;51281;490000073G;ELEPHANT & CASTLE / NEWINGTON CAUSEWAY;532039;179267;211;0
46;1;1;BP3909;91572;490000133N;LANCASTER GATE STATION <>;526676;180873;3;0
47;1;1;33056;75072;490010248N;NEWQUAY ROAD;537822;172706;345;0
49;1;1;1411;57470;490005333X;NORTHCOTE ROAD;527378;175128;74;0
50;46;0;;;;;;;;
54;1;1;BP5555;51936;490019451E;ELMERS END INTERCHANGE # >T<;535856;168410;111;0
58;2;46;9304;52132;490006358S2;EAST HAM / CENTRAL PARK;542736;183091;170;0
59;1;1;25666;49265;490013186T;TELFORD AVENUE;530405;173221;349;0
60;1;1;OC1000;NONE;490002123Z;OASIS ACADEMY;531730;157265;260;1
61;1;1;19729;76937;490005198F;CHISLEHURST / GORDON ARMS;543973;171075;167;0
63;1;1;27711;72231;490006921N;FOREST HILL TAVERN;534961;174271;323;0
65;2;36;9796;55507;490013828S;TUDOR DRIVE;517797;171428;175;0
66;1;1;R0760;57669;490001243ZA;ROMFORD STATION #;551406;188457;32;0
68;1;1;13339;48384;490012754N;ST JULIAN'S FARM ROAD;531874;171832;355;0
69;1;1;BP4270;47893;490014164A;WALTHAMSTOW BUS STATION <> #;537241;189026;179;0
70;1;1;BP5976;92051;490020325E;CHISWICK BUSINESS PARK;519941;178897;15;0
71;1;1;23405;59234;490005121Z;CHESSINGTON WORLD OF ADVENTURES;517515;162578;15;0
72;1;1;26194;52777;490015061O;BRUNEL ROAD;521456;181544;133;0
73;1;1;34846;51487;490015196OG;HOLLES STREET;528825;181288;342;0
74;1;1;11143;56061;490011286M;PUTNEY EXCHANGE;524078;175451;24;0
80;1;1;LG56;58001;40004409330A;DOWNVIEW AND HIGHDOWN PRISONS;526169;161451;357;0
81;1;1;OC473;98000;3700521;SLOUGH BUS STATION;497739;180078;203;0
83;1;1;R0798;49713;490000087GH;GOLDERS GREEN STATION <>;525254;187439;107;0
85;1;1;411;53259;490000184Z;PUTNEY BRIDGE STATION <>;524496;175836;192;0
86;1;1;BP976;56233;490012904B;STRATFORD BUS STATION <>#[DLR];538658;184342;164;0
87;1;1;33274;50000;490014190G;WANDSWORTH PLAIN;525495;174810;1;0
88;1;1;11407;76289;490010852S2;PARLIAMENT HILL FIELDS;528313;186302;155;0
89;1;30;6302;52984;490003948E;BETHEL ROAD;547456;175615;105;0
90;1;1;18221;57884;490000162B;NORTHOLT STATION <>;513299;184550;221;0
91;1;1;16081;51174;490006799S;TOTTENHAM LANE Y M C A;530385;188706;238;0
92;1;1;C30;49862;490006292S;EALING HOSPITAL;514815;180070;14;0
93;1;1;29979;74300;490011236Q;PRIORY ROAD;524122;164702;242;0
94;1;1;25678;53535;490003076C;ACTON GREEN;520546;178928;135;0
95;1;1;7699;74616;490012241N;SOUTHALL BROADWAY;512792;180313;19;0
96;1;1;OC459;76409;2400A070090A;BLUEWATER SHOPPING CENTRE;558273;173412;281;0
97;1;1;34016;49447;490001063C;CHINGFORD STATION #;539204;194658;305;0
98;1;1;34186;58903;490014687N;POUND LANE / WILLESDEN BUS GARAGE;522121;184668;323;0
99;1;1;36808;59332;490014929C;WOOLWICH HIGH STREET;543379;179228;251;0
100;1;1;BP5593;51883;490008743N;KING EDWARD STREET / ST PAULS STATION <>;532026;181450;359;0
101;1;1;34050;73929;490014816E;WOODBINE PLACE;540542;188400;53;0
106;2;27;R0365;73349;490005312X;STOKE NEWINGTON CHURCH STREET;533631;186627;10;0
107;1;1;R0792;72292;490000070F;EDGWARE BUS STATION <>;519591;191841;124;0
108;1;1;BP5768;91348;4,90E+09;STRATFORD INTERNATIONAL STATION # [DLR];538136;184846;90;0
109;1;1;SL38;47964;490013142C8;KATHARINE STREET;532490;165414;267;0
110;1;1;BP4837;48427;490015241B;SCHOOL ROAD;514294;175862;245;0
111;1;1;BP5117;48839;4900801619;HEATHROW CENTRAL BUS STATION;507514;175845;271;0
112;1;1;19280;49264;490000062F;EALING BROADWAY STATION <> #;517904;180896;173;0
113;1;1;R0791;76800;490015287E;EDGWARE BUS STATION;519593;191844;305;0
114;1;1;33771;53716;490001193B;MILL HILL BROADWAY STATION #;521336;191949;136;0
115;1;1;2888;73886;490006358N;EAST HAM / CENTRAL PARK;542722;183100;350;0
120;1;1;BP5085;51971;490008393W1;HOUNSLOW BUS STATION;514366;175950;252;0
121;1;1;BP2651;59097;490006582N;ENFIELD ISLAND VILLAGE;537349;198237;353;0
122;1;1;36510;57778;490001227E;PLUMSTEAD ROAD / PLUMSTEAD STATION #;544748;178882;286;0
123;1;1;BP1795;71312;490015567G2;LORDSHIP LANE;531060;190336;157;0
124;1;1;BP5837;91417;490004863Z;STANSTEAD ROAD / ST DUNSTANS COLLEGE;537137;173405;353;0
125;1;1;R0723;71143;490012612A;STATION ROAD;531968;194306;201;0
126;1;1;BP5753;91333;490018006E;RINGERS ROAD;540304;168909;61;0
127;1;1;33766;55791;490001229H;PURLEY STATION #;531438;161570;224;0
128;1;1;R0760;57669;490001243ZA;ROMFORD STATION #;551406;188457;32;0
129;1;1;BP2275;74069;490010374C;NORTH GREENWICH STATION <>;539202;179761;90;0
130;1;1;BP6048;92123;490015467Z;;;;;
135;1;26;LE193;73715;490014457B;WESTFERRY CIRCUS / CANARY WHARF PIER >R<;537031;180339;278;0
140;1;14;BP2686;52133;490003647N;BARNHILL COMMUNITY HIGH SCHOOL;511246;182501;17;0
141;1;1;10875;48450;490010333W;TOTTENHALL ROAD;531004;191963;182;0
142;1;1;OC445;77055;2,10E+11;WATFORD JUNCTION STATION;511033;197246;149;0
143;1;1;35214;54511;490004282D;BRENT CROSS SHOPPING CENTRE;523268;187811;145;0
144;1;1;BP5745;91325;490015188S;MUSWELL HILL BROADWAY;528803;189685;103;0
145;1;1;LE195;76426;490005922N;DAGENHAM ASDA;548787;183432;168;0
155;1;15;28020;47016;490000052SC;CLAPHAM SOUTH STATION <>;528800;174250;17;0
160;1;3;34081;49975;490011056F;PLASSY ROAD;537875;173670;191;0
161;1;1;33313;75400;490015269T;CHISLEHURST WAR MEMORIAL;544392;170187;228;0
162;1;1;33144;58832;490001018A;BECKENHAM JUNCTION STN # >T</ RECTORY RD;537416;169823;149;0
163;1;1;R0726;49986;490015390F;LONDON ROAD / MORDEN STATION <>;525785;168630;237;0
164;1;1;35897;58181;490013060Q;SUTTON STATION # / THE QUADRANT;526059;163772;9;0
165;1;1;BP2994;57453;490013271O;THE BREWERY;551068;188558;93;0
166;1;1;BP4900;74846;40004406036B;EPSOM HOSPITAL;520302;159975;247;0
167;1;1;FC04;77146;490007657W;HAINAULT STREET;544073;186576;250;0
174;1;14;R0308;54707;490006738S;MASEFIELD CRESCENT;553357;190864;166;0
175;1;1;35400;54157;490015524W;HILLRISE ESTATE;550567;192051;231;0
176;1;1;2128;53375;490015419G;PENGE / PAWLEYNE ARMS;535556;170087;39;0
177;1;1;BP1582;73982;490013214A;THAMESMEAD TOWN CENTRE;546462;180830;126;0
178;1;1;36810;48457;490004677V;CALDERWOOD STREET;543404;178893;60;0
179;1;1;34016;49447;490001063C;CHINGFORD STATION #;539204;194658;305;0
180;1;1;BP6216;92293;490016255Y;CRABTREE MANORWAY NORTH;550341;180186;128;0
181;1;1;BP5987;92062;490001177V;LEWISHAM STATION # [DLR];538165;175761;175;0
182;1;1;37291;73955;490003582C;BANNISTER PLAYING FIELDS;513852;191330;68;0
183;1;1;R0798;49713;490000087GH;GOLDERS GREEN STATION <>;525254;187439;107;0
184;1;1;33694;56013;490013852S;TURNPIKE LANE BUS STATION;531563;189651;349;0
185;1;1;BP5990;92065;490001177Z;LEWISHAM STATION # [DLR];538157;175790;174;0
186;1;1;C122;48672;490016734HU;NORTHWICK PARK HOSPITAL SOCIAL CLUB;516624;187634;20;0
187;1;1;BP4969;50825;490004925C;CENTRAL MIDDLESEX HOSPITAL;520215;182725;94;0
188;1;1;BP2275;74069;490010374C;NORTH GREENWICH STATION <>;539202;179761;90;0
189;1;1;35214;54511;490004282D;BRENT CROSS SHOPPING CENTRE;523268;187811;145;0
190;1;1;29982;71880;490007166B;GEORGE STREET;517870;174889;53;0
191;1;1;BP4953;48625;490009983C;EDMONTON GREEN BUS STATION;534525;193636;61;0
192;1;1;35731;74405;490009222A;LITTLE PARK GARDENS;532472;196612;281;0
197;2;35;26219;50577;490001112D;FOREST HILL STATION # / LONDON ROAD;535296;172934;299;0
198;1;1;33165;71473;490012136E;SHRUBLANDS / BRAMBLE CLOSE;537440;164867;50;0
199;1;1;BP4336;77739;490000037S;CANADA WATER BUS STATION <>;535456;179470;152;0
200;1;1;20480;58238;490015156D;LAMBTON ROAD;523189;169372;339;0
201;1;1;W48;53497;490000151C;MORDEN STATION <>;525716;168598;47;0
202;1;1;BP2417;53937;490005869B;CRYSTAL PALACE PARADE;533757;170950;20;0
203;1;1;BP4837;48427;490015241B;SCHOOL ROAD;514294;175862;245;0
204;1;1;BP440;77806;490000228B;SUDBURY TOWN STATION <>;516883;184929;48;0
205;1;1;BP5665;91245;490003554W;CLEVELAND TERRACE;526371;181374;227;0
206;1;1;BP1280;52524;490010715N;THE PADDOCKS;519836;187123;330;0
207;1;1;3110;48431;490007944E;HAYES BY-PASS;511194;180882;117;0
208;1;1;BP5990;92065;490001177Z;LEWISHAM STATION # [DLR];538157;175790;174;0
209;1;1;R0290;51406;490010047N;MORTLAKE BUS STATION;520995;175767;76;0
210;1;1;BP003;48639;490000083C;FINSBURY PARK STATION <> #;531303;186895;45;0
211;1;1;R0877;75067;490007705D;HAMMERSMITH BUS STATION;523410;178491;143;0
212;1;1;34017;76134;490001063B;CHINGFORD STATION #;539244;194652;207;0
213;1;1;R0705;55601;490006705B2;FAIRFIELD BUS STATION;518337;169299;266;0
214;1;1;BP653;91531;49008160Z1;HIGHGATE SCHOOL / HAMPSTEAD LANE;528323;187512;186;0
215;1;1;BP1837;56941;1500617;LEE VALLEY CAMPSITE;538018;197016;164;0
216;1;1;OC979;98269;40004402126D;STAINES BUS STATION;503702;171454;39;0
217;1;1;BP2816;58087;2,10E+11;WALTHAM CROSS BUS STATION;536209;200372;86;0
218;1;1;BP5003;55239;490007705H1;HAMMERSMITH BUS STATION;523485;178566;147;0
219;1;1;9127;50785;490006987N;FRANCIS GROVE;524585;170654;43;0
220;1;1;35803;55132;490014692N;WILLESDEN JUNCTION STATION <> #;521787;182936;289;0
230;1;1;BP1311;50242;490004046W;FYFIELD ROAD;538715;189782;257;0
231;1;1;16801;50990;490001099CC;ENFIELD CHASE STATION #;532295;196715;87;0
232;1;1;37024;54393;490009953W;MITCHELL WAY;520187;184682;348;0
233;1;1;40085;50158;490001097A;ELTHAM BUS STATION #;542675;174891;237;0
234;1;1;BP1612;75099;490013559S;THE SPIRES;524332;196826;212;0
240;1;1;R0797;55209;490000087GI;GOLDERS GREEN STATION <>;525227;187447;107;0
241;1;1;BP5603;91550;4919793W;STRATFORD CITY BUS STATION;538499;184658;157;0
242;1;1;BP4166;52951;490016742S;HOMERTON HOSPITAL / WARDLE STREET;535736;185165;159;0
243;1;1;25362;55589;490015470E;REDVERS ROAD;531137;190429;68;0
244;1;1;35591;75564;490011309Z;QUEEN ELIZABETH HOSPITAL / WEST ENTRANCE;542472;177248;222;0
245;1;1;CW61;53905;4,90E+09;ALPERTON SAINSBURY'S;517837;183490;90;0
246;1;1;36953;55956;490001036D;BROMLEY NORTH STATION #;540338;169621;111;0
247;1;1;LE226;55125;490003623B;BARKINGSIDE STATION <>;544487;189716;294;0
248;1;1;34094;50889;490011659G;ROMFORD MARKET;551345;189115;103;0
249;1;1;BP5819;91399;490020135E;;;;;
253;1;23;4832;71591;490000142H;MANOR HOUSE STATION <>;532110;187498;237;0
254;1;1;36688;76732;490003184L;ALDGATE BUS STATION;533653;181194;355;0
255;1;1;BP3797;55359;490016323E;SOUTH LODGE AVENUE / YORKSHIRE ROAD;530317;168318;120;0
260;1;6;849;48034;490004111W;BLOEMFONTEIN ROAD;522703;180085;276;0
261;1;1;BP5989;92064;490001177X;LEWISHAM STATION # [DLR];538167;175745;176;0
262;1;1;BP557;53269;490006318N1;EAST BECKTON / SAINSBURY'S;543496;182276;12;0
268;1;2;17256;54544;490014346E;WELLGARTH ROAD;525777;187223;126;0
269;1;1;11121;77784;490003975L;BEXLEYHEATH CLOCK TOWER;549273;175249;259;0
270;1;1;411;53259;490000184Z;PUTNEY BRIDGE STATION <>;524496;175836;192;0
271;1;1;BP1382;74323;490012303N;SOUTH GROVE;528425;187389;6;0
272;1;1;34089;52304;490004888S;CAVENDISH ROAD;520326;176912;153;0
273;1;1;OC578;57827;490009116N;CONINGTON ROAD;538179;176010;45;0
274;1;1;37646;57666;490003327K;ANGEL ISLINGTON;531598;183029;315;0
275;1;1;BP3210;52515;490001268ZD;ST JAMES STREET STATION #;536426;188773;66;0
276;1;1;BP5456;50839;490018884S;GATEWAY SURGICAL CENTRE;541615;182175;190;0
277;1;1;BP5617;91526;490001568N;DALSTON JUNCTION STATION >LOL<;533534;184690;281;0
281;1;17;BP5811;91391;490020202W;HEATH ROAD / TWICKENHAM;516088;173132;256;0
282;1;1;C25;48454;490006292R;EALING HOSPITAL;514804;180073;24;0
283;1;1;26194;52777;490015061O;BRUNEL ROAD;521456;181544;133;0
284;1;1;BP5987;92062;490001177V;LEWISHAM STATION # [DLR];538165;175761;175;0
290;1;1;OC976;98266;40004402126A;STAINES BUS STATION;503742;171486;56;0
291;1;1;BP2729;72136;490011307H3;QUEEN ELIZABETH HOSPITAL / WEST ENTRANCE;542509;177322;31;0
292;1;1;OC184;75162;2,10E+11;WETHERBY ROAD;518366;198022;137;0
293;1;1;R0726;49986;490015390F;LONDON ROAD / MORDEN STATION <>;525785;168630;237;0
294;1;1;34622;56361;490007917E;HAVERING PARK;550018;192253;82;0
295;1;1;37615;73240;490008897U;LADBROKE GROVE SAINSBURY'S;523861;182249;27;0
296;1;1;R0760;57669;490001243ZA;ROMFORD STATION #;551406;188457;32;0
297;1;1;34186;58903;490014687N;POUND LANE / WILLESDEN BUS GARAGE;522121;184668;323;0
298;1;1;BP5100;54802;490000009W1;ARNOS GROVE STATION <>;529307;192445;275;0
299;1;1;1146;71060;490015186A;QUEENS AVENUE;528730;189745;339;0
300;1;1;BP2636;48500;490014942W;WORDSWORTH HEALTH CENTRE;542234;184503;253;0
301;1;1;11121;77784;490003975L;BEXLEYHEATH CLOCK TOWER;549273;175249;259;0
302;1;1;33774;57953;490001193C;MILL HILL BROADWAY STATION #;521339;191961;328;0
303;1;1;R0790;75347;490000070D;EDGWARE BUS STATION;519562;191867;305;0
306;1;1;3033;77334;490011970E;SECOND AVENUE;521651;180102;88;0
307;1;1;25155;50162;490001033A;BRIMSDOWN STATION #;536185;196921;275;0
308;1;1;34050;73929;490014816E;WOODBINE PLACE;540542;188400;53;0
329;1;12;24851;59608;490006513S;SHRUBBERY GARDENS;531999;194499;189;0
330;1;1;LE139;52073;490001312S;WANSTEAD PARK STATION #;540516;185531;184;0
331;1;1;27862;77798;490000197B;RUISLIP STATION <>;509483;187109;339;0
332;1;1;37253;59197;490004297W;BRENT PARK TESCO;520899;185277;311;0
333;;;;;;;;;;
335;1;1;35597;54095;490014782S;WINGFIELD SCHOOL;540537;175531;162;0
336;1;1;40090;50026;490013615Q;THOMAS LANE;537505;173751;190;0
337;1;1;1411;57470;490005333X;NORTHCOTE ROAD;527378;175128;74;0
339;1;1;BP5802;91382;490009139Z;LEYTONSTONE STN <> / GROVE GREEN ROAD;539176;187294;212;0
345;1;2;33469;77299;490011842R;HANOVER PARK;534153;176617;354;0
355;1;13;25287;56609;490000234G;TOOTING BROADWAY STATION <>;527548;171374;322;0
356;1;1;27722;74621;490008849S;SYDENHAM HILL / KIRKDALE;534592;172533;203;0
357;1;1;29164;55673;490005167S;CHINGDALE ROAD;539177;193137;177;0
358;1;1;26966;72614;490001220E;ORPINGTON BUS STATION #;545537;165904;152;0
359;1;1;10824;75325;490011259G;PURLEY / DOWNLANDS PRECINCT;531352;161707;227;0
365;1;34;18245;55211;490010764N;ROMFORD BUS GARAGE;550827;189357;327;0
380;1;1;R0386;77288;490003857W;BELMARSH PRISON;545143;179667;259;0
381;1;1;37419;72867;490010877H;PECKHAM BUS STATION;534281;176704;289;0
382;1;1;994;77084;490000210G;SOUTHGATE STATION <>;529643;194286;10;0
389;2;12;35632;76890;490000107Q;HIGH BARNET STATION <>;524943;196165;309;0
390;1;1;33985;47949;490000008W;ARCHWAY STATION <>;529380;186754;198;0
391;1;1;29982;71880;490007166B;GEORGE STREET;517870;174889;53;0
393;1;1;BP2477;76481;490004451O;UPPER CLAPTON ROAD / BROOKE ROAD;534813;186333;345;0
394;1;1;BP2162;53783;490008327E;HOMERTON HOSPITAL / WARDLE STREET;535676;185249;65;0
395;1;1;R0842;57488;490007845B;HARROW BUS STATION;515288;188108;271;0
396;1;1;BP5655;91560;490015364S;KING GEORGE HOSPITAL;546433;188833;177;0
397;1;1;BP926;76582;490011866N2;SALISBURY HALL SAINSBURY'S;537177;191281;220;0
404;1;45;BP912;56434;40004410037A;WESTWAY;533058;155993;97;0
405;1;1;OC327;47007;40004409222D;REDHILL BUS STATION;528075;150657;235;0
406;1;1;BP1085;54469;490005800A3;CROMWELL ROAD BUS STATION;518437;169523;89;0
407;1;1;31982;50253;490013061D;SUTTON / MARSHALL'S ROAD;525825;164742;77;0
424;2;9;25627;55671;490007057S;FULHAM TOWN HALL;525477;177119;138;0
425;1;1;FC41;51400;490007657V;HAINAULT STREET;544003;186555;252;0
427;1;1;BP4185;55931;490005185N;YORK ROAD;505718;184281;328;0
428;1;1;BP2114;76962;490005817G;ERITH TOWN CENTRE / CROSS STREET;551383;177995;254;0
430;1;1;35995;75656;490011639E;DANEBURY AVENUE / MINSTEAD GARDENS;521822;174039;150;0
440;2;14;BP611;53928;490003031S;COMMERCIAL WAY;519757;183100;172;0
444;1;1;33696;47094;490013852T;TURNPIKE LANE BUS STATION;531550;189620;197;0
450;1;1;BP6115;92191;490014420V;WEST CROYDON BUS STATION;532250;166167;16;0
452;1;1;11615;53042;490012622S;STATION TERRACE;523676;183095;155;0
453;1;1;4627;49816;490002029T;DEPTFORD BRIDGE STATION [DLR];537384;176899;280;0
455;1;1;33179;58939;490004761N;CANONS HILL;531459;159066;321;0
460;1;1;34186;58903;490014687N;POUND LANE / WILLESDEN BUS GARAGE;522121;184668;323;0
462;1;1;BP6102;92178;1500TFL021;LIMES FARM / COPPERFIELD;544806;191702;246;0
467;2;16;BP3421;48449;40004406085B;CHESSINGTON CLOSE;520004;163563;310;0
468;1;1;R0487;77586;490013100G;SWAN & SUGAR LOAF;532475;164401;350;0
469;1;1;BP2729;72136;490011307H3;QUEEN ELIZABETH HOSPITAL / WEST ENTRANCE;542509;177322;31;0
470;1;1;33644;53435;490005223C;COLLIERS WOOD STATION <>;526784;170319;357;0
481;2;32;R0653;52935;490004377E;BROAD STREET / TEDDINGTON;515726;170985;86;0
482;1;1;20712;49210;490015439M;SOUTHALL BROADWAY;512784;180256;200;0
483;1;1;35631;77891;490015231T;EALING HOSPITAL;514824;180070;15;0
484;1;1;BP5987;92062;490001177V;LEWISHAM STATION # [DLR];538165;175761;175;0
485;1;1;4609;52791;490009353S;LONSDALE ROAD;522766;177744;212;0
486;1;1;BP2274;48678;490010374B;NORTH GREENWICH STATION <>;539224;179764;80;0
487;1;1;BP721;49613;490000211A;SOUTH HARROW BUS STATION <>;514304;186409;315;0
488;1;1;36763;76073;490004220V;HANCOCK ROAD;538103;182751;182;0
490;1;1;BP5269;47197;490018677N;POOLS ON THE PARK;517800;175401;340;0
491;1;1;BP2817;50590;2,10E+11;WALTHAM CROSS BUS STATION;536195;200373;97;0
492;1;1;BP2296;56201;490001249F;SIDCUP STATION #;546448;172612;101;0
493;1;1;BP3587;73250;490012701N;ST GEORGE'S / UNIVERSITY OF LONDON;526981;171436;55;0
496;1;1;18505;52277;490001137C;HAROLD WOOD STATION #;554806;190652;61;0
497;1;1;26511;57265;490005187W;CHIPPENHAM ROAD;553888;192247;257;0
498;1;1;BP4885;49960;490016444HM;QUEEN'S HOSPITAL;551268;187776;303;0
499;1;1;BP3510;76394;490007096N;GALLOWS CORNER / TESCO;553865;190532;38;0
504;252;0;;;;;;;;
532;490014483E;WEST INDIA AVENUE;537169;180349;279;0;;;;
549;1;1;29463;51534;490015122C;SOUTH WOODFORD STATION <>;540645;189998;232;0
601;1;1;BP1582;73982;490013214A;THAMESMEAD TOWN CENTRE;546462;180830;126;0
602;1;1;BP1582;73982;490013214A;THAMESMEAD TOWN CENTRE;546462;180830;126;0
603;1;1;25366;48574;490015187H;PRINCES AVENUE;528674;189543;224;0
605;1;1;R0790;75347;490000070D;EDGWARE BUS STATION;519562;191867;305;0
606;1;1;16116;74592;490000185AA;QUEENSBURY STATION <>;518862;189793;355;0
607;1;1;20487;48531;490000246O;UXBRIDGE STATION <>;505544;184253;322;0
608;1;1;20073;49993;490007095N1;GALLOWS CORNER;553385;190680;349;0
611;1;1;14838;49709;490000224B;STONEBRIDGE PARK STATION <> #;519754;184209;50;0
612;1;1;W15;48116;490011990N;SELSDON LIBRARY;534999;162182;262;0
613;1;1;R0162;53212;490001295A;TOLWORTH STATION #;519866;165666;325;0
616;1;1;20279;75503;490010575S;OLD PARK RIDINGS;531942;195068;312;0
627;2;11;14291;49717;490004708W;OXFORD ROAD;527254;164249;268;0
628;1;1;OC608;58638;490015769;JEWISH FREE SCHOOL;519099;188324;352;1
629;1;1;10864;48609;490007797N;HARINGEY CIVIC CENTRE;530894;190703;346;0
631;1;1;BP4090;75349;490015496GW;GOLDERS GREEN STATION <>;525162;187477;314;0
632;1;1;M41;49272;490012314W;SOUTH MEAD;521814;190757;273;0
633;1;1;BP5477;72764;490001072N;COULSDON SOUTH STATION #;529821;159034;15;0
650;1;1;33997;59172;490011658S;ROMFORD BUS GARAGE;550789;189437;143;0
651;1;1;R0681;49501;490015182X;ROMFORD STATION #;551427;188359;350;0
652;1;1;33795;54670;490003037E;ABBEY WOOD LANE;553637;183484;88;0
653;1;1;25366;48574;490015187H;PRINCES AVENUE;528674;189543;224;0
654;1;1;BP2329;53475;490003101B;ADDINGTON VILLAGE INTERCHANGE;537106;163768;273;0
655;1;1;BP6094;92169;490023121W;LOVE LANE;527634;169051;292;0
656;1;1;OC626;73127;490006560W;EMERSON PARK ACADEMY;555521;187956;212;0
657;1;1;BP926;76582;490011866N2;SALISBURY HALL SAINSBURY'S;537177;191281;220;0
658;1;1;BP3597;73071;490016229E;BEXLEY ROAD / CROWN WOODS SCHOOL;544391;174565;103;0
660;1;1;33056;75072;490010248N;NEWQUAY ROAD;537822;172706;345;0
661;1;1;35572;51900;490015388D;STATION SQUARE / PETTS WOOD STATION #;544436;167620;339;0
662;1;1;27532;50144;490015165B;SURBITON STATION #;518075;167421;178;0
663;1;1;25740;76793;490001294C;THORNTON HEATH STATION #;532310;168316;259;0
664;1;1;BP5048;72885;490004995E;CHARLES DARWIN SCHOOL;542581;159384;107;0
665;181919;114;0;;;;;;;
673;1;10;18344;50214;490006347S;EASTFIELD ROAD;549005;185582;175;0
674;1;1;35414;50913;490005929N;DAGNAM PARK SQUARE;555455;192020;342;0
675;1;1;BP3210;52515;490001268ZD;ST JAMES STREET STATION #;536426;188773;66;0
677;1;1;FC04;77146;490007657W;HAINAULT STREET;544073;186576;250;0
678;1;1;8079;50436;490012702S;ST GEORGE'S ROAD;540615;184563;175;0
679;1;1;15328;72246;490003575E;BANCROFT'S SCHOOL;540371;193051;111;0
689;2;19;BP934;55246;490013446S;LESLIE GROVE;533157;166227;226;0
690;1;1;13339;48384;490012754N;ST JULIAN'S FARM ROAD;531874;171832;355;0
692;1;1;OC11;71768;2,10E+11;DAME ALICE OWEN'S SCHOOL;524020;200719;242;0
696;1;1;16172;51743;490013465E;CONWAY DRIVE;508255;179389;41;0
697;1;1;17233;73842;490013978C;WHITTINGTON AVENUE;509591;181679;22;0
698;1;1;20978;71467;490001325F;WEST DRAYTON STATION #;506040;180137;277;0
699;1;1;10905;73276;490007438S2;GREEN DRAGON LANE;532191;194766;29;0
718;1;1;W48;53497;490000151C;MORDEN STATION <>;525716;168598;47;0
969;1;1;HC377;72324;490014630X;HAIL & RIDE GLADSTONE AVENUE;514800;173627;324;1
5920;310;0;;;;;;;;
54753;490013176S;TEDDINGTON MEMORIAL HOSPITAL;515477;171074;147;0;;;;
91172;166;0;;;;;;;;
180734;357;0;;;;;;;;
23A;2;6;IMB205;95049;460000235;GORE CROSS INTERCHANGE;531712;180050;;1
24N;KINGSTON LANE / PENTECOSTAL CHURCH;506531;182358;348;0;;;;;
62S;MARKET STREET;542704;183301;179;0;;;;;
A10;1;1;23061;50390;490000246M;UXBRIDGE STATION <>;505585;184192;10;0
B11;1;1;25605;59328;490003974S2;BEXLEYHEATH BUS GARAGE;549669;175598;183;0
B12;1;1;31531;77939;490005817H;ERITH TOWN CENTRE / RIVERSIDE;551454;178010;288;0
B13;1;1;27306;50051;490003975M;BEXLEYHEATH CLOCK TOWER;549225;175241;273;0
B14;1;1;27306;50051;490003975M;BEXLEYHEATH CLOCK TOWER;549225;175241;273;0
B15;1;1;27306;50051;490003975M;BEXLEYHEATH CLOCK TOWER;549225;175241;273;0
B16;1;11;9182;52270;490014353R;WELLING HIGH STREET / UPPER WICKHAM LANE;546602;175805;283;0
C1;1;1;7817;73175;490014050R;VICTORIA STATION <> #;528841;179056;198;0
C10;1;1;BP2393;50307;490004733B;CANADA WATER BUS STATION <>;535445;179492;152;0
C11;1;1;BP6017;92091;490000008NW;ARCHWAY STATION <>;529351;186896;208;0
C3;1;1;8957;74631;490009843G;CLAPHAM JUNCTION STATION # / FALCON ROAD;527292;175683;151;0
D3;1;1;BP525;51468;490003951W;BONNER ROAD;535325;183238;295;0
D6;1;1;784;74170;490008739S;KING EDWARD'S ROAD;534864;183841;177;0
D7;1;1;34215;73923;490011107G;POPLAR / ALL SAINTS CHURCH;538032;180980;167;0
D8;1;1;BP6275;92352;490012904T;STRATFORD BUS STATION <> # [DLR];538612;184379;22;0
E1;1;1;2030;53393;490007441H;CLIFTON ROAD;514466;182237;92;0
E10;1;1;BP2512;55379;490008519N;ISLIP MANOR ROAD;512227;184168;44;0
E11;1;1;2030;53393;490007441H;CLIFTON ROAD;514466;182237;92;0
E2;1;1;BP2725;48105;490005521S;COMMERCE ROAD / BRENTFORD LOCK;517224;177351;150;0
E3;1;1;2030;53393;490007441H;CLIFTON ROAD;514466;182237;92;0
E5;1;1;BP2061;55952;490013714S;TOPLOCKS ESTATE / GLADE LANE;513638;179501;151;0
E6;1;1;35292;76875;490000092W2;ROCKWARE AVENUE / GREENFORD STATION <> #;514833;183965;288;0
E7;1;1;27862;77798;490000197B;RUISLIP STATION <>;509483;187109;339;0
E8;1;1;BP930;54149;490013259U;THE BELL;513567;175511;165;0
E9;1;1;BP1636;53243;490014337S1;WELBECK AVENUE;510686;182436;231;0
EL1;1;1;R0757;47445;490008467F;ILFORD HILL;543520;186392;61;0
EL2;1;1;BP1296;52288;490003763K;BECONTREE HEATH LEISURE CENTRE;549103;186905;264;0
EL3;1;1;29287;55468;490003150B;CHADWELL HEATH LANE;546767;189068;22;0
G1;1;1;37150;52894;490008080S;HERMITAGE LANE;530615;170096;218;0
H10;1;1;BP4421;47801;490016764HW;ST MARK'S HOSPITAL;516410;187734;267;0
H11;1;1;R0840;73770;490007845D;HARROW BUS STATION;515261;188109;267;0
H12;1;1;29842;53317;490000219A;STANMORE STATION <>;517526;192567;299;0
H13;1;1;BP4927;71941;490012970S;ST VINCENT'S NURSING HOME;509601;189660;168;0
H14;1;1;17090;76461;490012953W;ST THOMAS' DRIVE;512403;190903;238;0
H17;1;1;R0841;55706;490007845C;HARROW BUS STATION;515287;188099;89;0
H18;1;1;R0840;73770;490007845D;HARROW BUS STATION;515261;188109;267;0
H19;1;1;R0841;55706;490007845C;HARROW BUS STATION;515287;188099;89;0
H2;1;1;BP4090;75349;490015496GW;GOLDERS GREEN STATION <>;525162;187477;314;0
K4;1;34;OC611;74274;490009613W;HAIL & RIDE SECTION;517602;164062;93;1
K5;1;1;33736;47837;490006283E;DYSART AVENUE;517427;171706;104;0
N11;2;56;6153;52755;490013850RR;CHISWICK LANE;521346;178534;263;0
N113;1;1;R0791;76800;490015287E;EDGWARE BUS STATION;519593;191844;305;0
N133;1;1;W48;53497;490000151C;MORDEN STATION <>;525716;168598;47;0
N136;1;1;33062;58071;490000173RF;OXFORD CIRCUS STN <> / MARGARET STREET;529009;181312;152;0
N137;1;1;BP2418;55404;490005869D;CRYSTAL PALACE BUS STATION;533733;170798;259;0
N19;1;42;1449;76099;490015145S;BEAUFORT STREET / KING'S ROAD;526813;177681;146;0
N199;1;1;148;48121;490013766G;TRAFALGAR SQUARE / CHARING CROSS STN <>#;530134;180521;84;0
N2;1;1;BP2418;55404;490005869D;CRYSTAL PALACE BUS STATION;533733;170798;259;0
N20;1;1;4127;55104;490003634G;BARNET HIGH STREET / BARNET CHURCH;524677;196426;126;0
N205;1;1;BP5665;91245;490003554W;CLEVELAND TERRACE;526371;181374;227;0
N207;1;1;20487;48531;490000246O;UXBRIDGE STATION <>;505544;184253;322;0
N21;1;1;11121;77784;490003975L;BEXLEYHEATH CLOCK TOWER;549273;175249;259;0
N22;1;1;FW21;73508;490012333E;SOUTH ROAD / FULWELL;514821;172038;288;0
N242;1;1;BP4166;52951;490016742S;HOMERTON HOSPITAL / WARDLE STREET;535736;185165;159;0
N25;1;1;34846;51487;490015196OG;HOLLES STREET;528825;181288;342;0
N250;1;1;26408;52704;490007523G;BRIXTON ROAD / BRIXTON POLICE STATION;531126;175734;195;0
N253;1;1;36688;76732;490003184L;ALDGATE BUS STATION;533653;181194;355;0
N26;1;1;BP3506;54289;490013766F;CHARING CROSS STN <># / TRAFALGAR SQUARE;530137;180482;49;0
N29;2;3;37643;47473;490004695N;CAMBRIDGE CIRCUS;529940;180952;338;0
N3;1;1;33062;58071;490000173RF;OXFORD CIRCUS STN <> / MARGARET STREET;529009;181312;152;0
N31;1;1;BP1264;76202;490003698W;BAYHAM STREET;529063;183781;147;0
N33;1;1;20682;72209;490005445D;FULWELL STATION #;515051;171841;169;0
N53;2;34;18767;47142;490014075E;CHARLTON ROAD / VICTORIA WAY;541270;177610;69;0
N55;1;1;15330;77897;490015121S;ST THOMAS OF CANTERBURY CHURCH;540334;192710;194;0
N550;1;1;BP3509;49692;490013767B;TRAFALGAR SQUARE;529934;180399;98;0
N68;2;40;13340;54773;490011726S;ROTHSCHILD STREET;531887;171694;187;0
N7;1;1;18221;57884;490000162B;NORTHOLT STATION <>;513299;184550;221;0
N72;1;1;26194;52777;490015061O;BRUNEL ROAD;521456;181544;133;0
N87;1;19;9153;76260;490004884E;CAVENDISH AVENUE;522593;168271;57;0
N89;1;1;148;48121;490013766G;TRAFALGAR SQUARE / CHARING CROSS STN <>#;530134;180521;84;0
N9;1;1;34323;76996;490003193R;ALDWYCH / SOMERSET HOUSE;530803;180926;238;0
N91;1;1;17763;59381;490000053B;COCKFOSTERS STATION <>;528099;196368;154;0
N97;1;1;R0877;75067;490007705D;HAMMERSMITH BUS STATION;523410;178491;143;0
N98;1;1;29842;53317;490000219A;STANMORE STATION <>;517526;192567;299;0
NG1;1;1;HC777;95511;0;SILVERTOWN SOUTH CAR PARK;541116;180132;81;1
NG3;1;1;HC776;95510;0;MOXY LONDON EXCEL;541792;180791;272;1
P;BICKLEY STREET;527622;171267;324;0;;;;;
P12;1;1;40070;49171;490013042H;SURREY QUAYS SHOPPING CENTRE;535674;179026;69;0
P13;1;1;BP5725;91305;490001279E;STREATHAM STATION #;530023;171262;81;0
P4;1;1;BP5987;92062;490001177V;LEWISHAM STATION # [DLR];538165;175761;175;0
P5;1;1;33626;58283;490000073H;ELEPHANT & CASTLE / NEWINGTON CAUSEWAY;532009;179193;195;0
R1;1;1;37350;51989;490007559E;GROVELANDS ROAD;546477;170111;114;0
R10;1;1;26966;72614;490001220E;ORPINGTON BUS STATION #;545537;165904;152;0
R11;1;1;35713;48039;490012139HE;SIDCUP / QUEEN MARY'S HOSPITAL;546084;171070;239;0
R2;1;1;37348;56284;490010641Q;ORPINGTON POLICE STATION;546278;166082;203;0
R3;1;1;BP4333;55634;490006756W1;PRINCESS ROYAL UNIVERSITY HOSPITAL;543356;164924;229;0
R4;1;1;BP6203;92280;490000788Y;AUGUSTINE ROAD;547679;168850;335;0
R5;1;1;26966;72614;490001220E;ORPINGTON BUS STATION #;545537;165904;152;0
R6;1;1;22398;53552;490001220D;ORPINGTON BUS STATION #;545546;165898;154;0
R68;1;1;BP3807;75313;490016326S;KEW RETAIL PARK;519542;176947;220;0
R7;1;1;BP6023;92098;490005081Z;CHELSFIELD VILLAGE / FIVE BELLS;548241;164199;128;0
R70;1;1;35834;55439;490010460N;NURSERYLANDS SHOPPING CENTRE;512957;170858;44;0
R8;1;1;26966;72614;490001220E;ORPINGTON BUS STATION #;545537;165904;152;0
R9;1;1;22398;53552;490001220D;ORPINGTON BUS STATION #;545546;165898;154;0
RB1;1;1;LRS143;98613;9300BSP1;BATTERSEA POWER STATION PIER. >R<;528855;177742;106;1
RB2;1;1;LRS143;98613;9300BSP1;BATTERSEA POWER STATION PIER. >R<;528855;177742;106;1
RB3;1;1;LRS116;91592;9300LBR1;LONDON BRIDGE CITY PIER. >R<;533022;180406;97;1
RB4;1;1;LRS131;98606;9300NEL1;DOUBLETREE DOCKLANDS / NELSON DOCK PIER. >R<;536700;180236;177;1
RB5;1;1;LRS126;91607;9300MIL2;NORTH GREENWICH PIER. >R<;539557;180048;143;1
RB6;1;1;LRS134;98615;9300PUT1;PUTNEY PIER. >R<;524054;175775;124;1
RB6A;1;1;LRS134;98615;9300PUT1;PUTNEY PIER. >R<;524054;175775;124;1
RBX;1;1;LRS115;91591;9300WMP1;LONDON EYE WATERLOO PIER. >R<;530543;179959;6;1
RT1;1;1;LRS149;NONE;9300WMR3;WESTMINSTER PIER;530365;179723;183;1
RT10;1;1;LRS126;91607;9300MIL2;NORTH GREENWICH PIER. >R<;539557;180048;143;1
RT11;1;1;LRS134;98615;9300PUT1;PUTNEY PIER. >R<;524054;175775;124;1
U1;2;10;16376;49548;490004527BJ;BRUNEL UNIVERSITY;506354;182768;337;0
U10;1;1;23062;75623;490000246L;UXBRIDGE STATION <>;505602;184169;257;0
U2;1;1;16375;55848;490004527BH;BRUNEL UNIVERSITY;506486;182545;157;0
U3;1;1;23061;50390;490000246M;UXBRIDGE STATION <>;505585;184192;10;0
U4;1;1;BP5722;91302;490020097E;PROLOGIS PARK;507976;179288;79;0
U5;1;1;BP4185;55931;490005185N;YORK ROAD;505718;184281;328;0
U7;1;1;20487;48531;490000246O;UXBRIDGE STATION <>;505544;184253;322;0
U9;1;1;23062;75623;490000246L;UXBRIDGE STATION <>;505602;184169;257;0
UL1;1;1;4789;47771;490000011A;BAKER STREET STATION <>;527880;182118;163;0
UL10;1;1;35758;47834;490001128P;AMHURST ROAD / DALSTON LANE;534520;185194;284;0
UL11;1;1;BP5603;91550;4919793W;STRATFORD CITY BUS STATION;538499;184658;157;0
UL12;1;1;RR60;NONE;;STRATFORD CITY;538505;184818;359;1
UL13;1;1;RR23;NONE;2,10E+11;;;;;
